{
  "Get web-1" : {
    "transaction" : "Get web-1",
    "sampleCount" : 4212,
    "errorCount" : 0,
    "errorPct" : 0.0,
    "meanResTime" : 823.9501424501427,
    "medianResTime" : 804.0,
    "minResTime" : 33.0,
    "maxResTime" : 4772.0,
    "pct1ResTime" : 1194.0,
    "pct2ResTime" : 1340.35,
    "pct3ResTime" : 2485.229999999997,
    "throughput" : 58.609893550407016,
    "receivedKBytesPerSec" : 340.21766071801295,
    "sentKBytesPerSec" : 6.7538744520976834
  },
  "Get web-0" : {
    "transaction" : "Get web-0",
    "sampleCount" : 4212,
    "errorCount" : 0,
    "errorPct" : 0.0,
    "meanResTime" : 27341.699905033205,
    "medianResTime" : 23463.0,
    "minResTime" : 769.0,
    "maxResTime" : 66656.0,
    "pct1ResTime" : 42912.4,
    "pct2ResTime" : 65325.4,
    "pct3ResTime" : 65663.74,
    "throughput" : 57.88258575197889,
    "receivedKBytesPerSec" : 123.22659857354881,
    "sentKBytesPerSec" : 6.387433779271108
  },
  "Total" : {
    "transaction" : "Total",
    "sampleCount" : 13424,
    "errorCount" : 788,
    "errorPct" : 5.8700833,
    "meanResTime" : 18342.111516686553,
    "medianResTime" : 13814.0,
    "minResTime" : 3.0,
    "maxResTime" : 67847.0,
    "pct1ResTime" : 39694.0,
    "pct2ResTime" : 65169.75,
    "pct3ResTime" : 66223.5,
    "throughput" : 184.34749172606053,
    "receivedKBytesPerSec" : 945.3210561031461,
    "sentKBytesPerSec" : 26.09670467185762
  },
  "Get web" : {
    "transaction" : "Get web",
    "sampleCount" : 5000,
    "errorCount" : 788,
    "errorPct" : 15.76,
    "meanResTime" : 25518.157399999942,
    "medianResTime" : 23901.0,
    "minResTime" : 3.0,
    "maxResTime" : 67847.0,
    "pct1ResTime" : 42640.100000000006,
    "pct2ResTime" : 65913.95,
    "pct3ResTime" : 66424.98,
    "throughput" : 68.66339828890813,
    "receivedKBytesPerSec" : 486.42028415489085,
    "sentKBytesPerSec" : 13.04835233592881
  }
}